id,First_name,Last_name,Email,Gender,Part_time_job,Absence_days,Extracurricular_activities,Weekly_self_study_hours,CCSIT205_Grade,PROFELECTIVE 1_Grade,GE ELECT103_Grade,CCSIT 207_Grade,CCSIT 206_Grade,PROFELECTIVE2_Grade,CCSIT 208_Grade
1,Paul,Casey,paul.casey.1@gslingacademy.com,male,FALSE,3,FALSE,27,73,81,93,97,63,80,87
2,Danielle,Sandoval,danielle.sandoval.2@gslingacademy.com,female,FALSE,2,FALSE,47,90,86,96,100,90,88,90
3,Tina,Andrews,tina.andrews.3@gslingacademy.com,female,FALSE,9,TRUE,13,81,97,95,96,65,77,94
4,Tara,Clark,tara.clark.4@gslingacademy.com,female,FALSE,5,FALSE,3,71,74,88,80,89,63,86
5,Anthony,Campos,anthony.campos.5@gslingacademy.com,male,FALSE,5,FALSE,10,84,77,65,65,80,74,76
6,Kelly,Wade,kelly.wade.6@gslingacademy.com,female,FALSE,2,FALSE,26,93,100,67,78,72,80,84
7,Anthony,Smith,anthony.smith.7@gslingacademy.com,male,FALSE,3,TRUE,23,99,96,97,73,88,76,64
8,George,Short,george.short.8@gslingacademy.com,male,TRUE,2,TRUE,34,95,95,82,63,84,70,85
9,Stanley,Gutierrez,stanley.gutierrez.9@gslingacademy.com,male,FALSE,6,FALSE,25,94,68,94,85,81,74,72
10,Audrey,Simpson,audrey.simpson.10@gslingacademy.com,female,FALSE,3,TRUE,18,98,69,88,71,67,71,73
11,Gabrielle,White,gabrielle.white.11@gslingacademy.com,female,FALSE,2,FALSE,7,65,60,97,94,71,81,66
12,Clinton,Randolph,clinton.randolph.12@gslingacademy.com,male,FALSE,1,FALSE,7,80,61,100,65,87,64,61
13,Patricia,Gomez,patricia.gomez.13@gslingacademy.com,female,TRUE,7,FALSE,4,94,59,69,67,89,65,73
14,Pamela,Jackson,pamela.jackson.14@gslingacademy.com,female,FALSE,10,FALSE,2,66,94,86,100,57,90,63
15,Laura,Jackson,laura.jackson.15@gslingacademy.com,female,FALSE,3,FALSE,39,96,90,86,92,92,95,87
16,Roger,Wiley,roger.wiley.16@gslingacademy.com,male,FALSE,6,FALSE,0,94,50,78,64,79,74,84
17,Vicki,Thompson,vicki.thompson.17@gslingacademy.com,female,FALSE,3,TRUE,30,92,64,93,91,80,89,72
18,Maxwell,Davidson,maxwell.davidson.18@gslingacademy.com,male,FALSE,2,TRUE,28,86,83,85,79,93,76,77
19,Jonathan,Werner,jonathan.werner.19@gslingacademy.com,male,FALSE,1,FALSE,37,92,87,92,99,97,87,86
20,Angela,Rios,angela.rios.20@gslingacademy.com,female,FALSE,2,FALSE,27,99,65,98,75,66,72,100
21,Tim,Nichols,tim.nichols.21@gslingacademy.com,male,TRUE,3,FALSE,15,100,90,72,98,73,97,72
22,Kyle,Willis,kyle.willis.22@gslingacademy.com,male,FALSE,8,FALSE,4,57,55,78,94,83,88,88
23,Shannon,Simpson,shannon.simpson.23@gslingacademy.com,female,FALSE,9,FALSE,2,89,72,68,72,71,54,90
24,Sean,Griffin,sean.griffin.24@gslingacademy.com,male,FALSE,9,FALSE,1,50,76,81,55,56,80,79
25,Cassandra,West,cassandra.west.25@gslingacademy.com,female,FALSE,4,FALSE,35,87,91,90,88,95,88,93
26,Patricia,Chavez,patricia.chavez.26@gslingacademy.com,female,FALSE,5,FALSE,22,92,86,87,81,93,90,99
27,Jason,Williams,jason.williams.27@gslingacademy.com,male,FALSE,3,FALSE,34,100,77,80,94,63,90,90
28,Peter,Gibbs,peter.gibbs.28@gslingacademy.com,male,FALSE,0,FALSE,23,64,75,93,79,81,96,85
29,Jeffrey,Blanchard,jeffrey.blanchard.29@gslingacademy.com,male,FALSE,1,TRUE,17,79,65,99,71,76,77,83
30,Carol,Hill,carol.hill.30@gslingacademy.com,female,FALSE,3,FALSE,19,82,100,61,97,30,74,73
31,Angie,Miller,angie.miller.31@gslingacademy.com,female,FALSE,0,FALSE,14,88,69,87,100,88,85,72
32,Cynthia,Knapp,cynthia.knapp.32@gslingacademy.com,female,FALSE,4,FALSE,30,70,68,92,74,82,85,72
33,Timothy,Bryant,timothy.bryant.33@gslingacademy.com,male,FALSE,4,FALSE,30,77,96,98,89,85,62,62
34,Phyllis,Diaz,phyllis.diaz.34@gslingacademy.com,female,FALSE,1,FALSE,24,99,84,84,78,78,77,68
35,Lisa,Burns,lisa.burns.35@gslingacademy.com,female,FALSE,3,TRUE,31,90,93,91,80,86,69,62
36,Kelly,Farley,kelly.farley.36@gslingacademy.com,female,FALSE,1,FALSE,21,65,70,78,98,80,66,65
37,Ryan,Lee,ryan.lee.37@gslingacademy.com,male,FALSE,2,TRUE,19,99,94,87,71,89,91,96
38,Michael,Gilmore,michael.gilmore.38@gslingacademy.com,male,FALSE,1,FALSE,29,92,100,85,89,81,91,88
39,Miguel,Martinez,miguel.martinez.39@gslingacademy.com,male,FALSE,4,FALSE,21,77,64,64,88,94,82,78
40,Christopher,Taylor,christopher.taylor.40@gslingacademy.com,male,FALSE,4,FALSE,18,92,60,66,87,60,83,95
41,Emily,Holloway,emily.holloway.41@gslingacademy.com,female,FALSE,4,FALSE,31,85,97,64,90,79,81,81
42,Jesus,Rasmussen,jesus.rasmussen.42@gslingacademy.com,male,TRUE,7,FALSE,4,65,55,66,50,88,56,86
43,Lauren,Farmer,lauren.farmer.43@gslingacademy.com,female,TRUE,6,FALSE,3,93,94,92,77,87,98,63
44,Pamela,Cole,pamela.cole.44@gslingacademy.com,female,FALSE,4,FALSE,3,97,99,85,96,91,68,66
45,David,Gillespie,david.gillespie.45@gslingacademy.com,male,TRUE,4,FALSE,3,54,99,79,57,53,95,83
46,Kenneth,Davis,kenneth.davis.46@gslingacademy.com,male,TRUE,5,TRUE,5,88,53,50,58,84,53,96
47,Elizabeth,Martin,elizabeth.martin.47@gslingacademy.com,female,FALSE,5,TRUE,27,71,85,93,68,100,91,87
48,Billy,Soto,billy.soto.48@gslingacademy.com,male,FALSE,0,TRUE,28,81,98,74,70,97,65,65
49,Kimberly,Kelly,kimberly.kelly.49@gslingacademy.com,female,FALSE,4,FALSE,32,80,78,86,80,64,68,100
50,Sonia,Noble,sonia.noble.50@gslingacademy.com,female,FALSE,0,FALSE,14,100,89,90,93,30,83,74
51,Christopher,Stewart,christopher.stewart.51@gslingacademy.com,male,FALSE,6,TRUE,16,76,72,96,65,89,87,94
52,Sandra,Thornton,sandra.thornton.52@gslingacademy.com,female,FALSE,2,FALSE,24,99,81,73,70,85,86,61
53,Luke,Shannon,luke.shannon.53@gslingacademy.com,male,FALSE,9,FALSE,0,64,70,61,81,82,51,70
54,Lindsay,Pruitt,lindsay.pruitt.54@gslingacademy.com,female,FALSE,3,FALSE,32,90,96,86,61,89,98,68
55,Jamie,Taylor,jamie.taylor.55@gslingacademy.com,male,FALSE,2,FALSE,3,85,100,92,68,60,77,83
56,Jennifer,Murphy,jennifer.murphy.56@gslingacademy.com,female,FALSE,6,FALSE,31,91,60,84,88,76,71,99
57,Melissa,Lee,melissa.lee.57@gslingacademy.com,female,FALSE,3,FALSE,21,95,72,79,86,87,81,62
58,David,Vaughn,david.vaughn.58@gslingacademy.com,male,TRUE,2,FALSE,18,94,78,73,97,67,78,99
59,Jacob,Hanson,jacob.hanson.59@gslingacademy.com,male,FALSE,7,FALSE,26,94,89,64,96,91,95,77
60,Casey,May,casey.may.60@gslingacademy.com,male,FALSE,4,FALSE,23,89,99,90,79,85,96,98
61,Michelle,Roman,michelle.roman.61@gslingacademy.com,female,FALSE,2,FALSE,1,91,81,88,71,78,83,76
62,Brittany,Koch,brittany.koch.62@gslingacademy.com,female,FALSE,5,FALSE,33,83,86,61,99,99,88,73
63,Brian,Lewis,brian.lewis.63@gslingacademy.com,male,FALSE,7,FALSE,2,98,65,53,64,52,96,62
64,Veronica,Cameron,veronica.cameron.64@gslingacademy.com,female,FALSE,1,FALSE,34,83,97,65,88,67,95,69
65,Eric,Reyes,eric.reyes.65@gslingacademy.com,male,FALSE,2,FALSE,18,91,73,99,70,63,80,78
66,Kristy,Weber,kristy.weber.66@gslingacademy.com,female,TRUE,6,FALSE,2,90,54,77,74,76,96,88
67,Anthony,Smith,anthony.smith.67@gslingacademy.com,male,FALSE,3,FALSE,27,92,86,66,69,100,71,80
68,Steven,Stephens,steven.stephens.68@gslingacademy.com,male,FALSE,2,FALSE,8,64,64,73,76,72,97,91
69,Henry,Davis,henry.davis.69@gslingacademy.com,male,FALSE,4,FALSE,14,90,70,85,60,81,71,88
70,Raymond,Shea,raymond.shea.70@gslingacademy.com,male,FALSE,10,TRUE,22,99,81,96,69,91,87,83
71,Jill,Perez,jill.perez.71@gslingacademy.com,female,FALSE,1,FALSE,15,89,66,93,81,86,88,70
72,Kimberly,Bonilla,kimberly.bonilla.72@gslingacademy.com,female,TRUE,3,FALSE,22,62,87,93,83,93,97,73
73,Louis,Edwards,louis.edwards.73@gslingacademy.com,male,TRUE,10,FALSE,1,61,70,69,64,59,78,80
74,Michael,Hodge,michael.hodge.74@gslingacademy.com,male,TRUE,8,FALSE,3,51,54,66,87,99,58,68
75,Anna,Li,anna.li.75@gslingacademy.com,female,FALSE,2,FALSE,20,85,100,64,68,73,81,87
76,Andrea,Case,andrea.case.76@gslingacademy.com,female,FALSE,7,TRUE,27,99,90,96,92,100,98,77
77,Jennifer,Garcia,jennifer.garcia.77@gslingacademy.com,female,FALSE,3,FALSE,24,87,63,60,90,89,99,80
78,Rhonda,Davenport,rhonda.davenport.78@gslingacademy.com,female,FALSE,1,TRUE,5,75,91,80,93,74,93,65
79,Chelsea,Craig,chelsea.craig.79@gslingacademy.com,female,FALSE,7,FALSE,34,88,94,80,63,68,77,64
80,Shawn,Chase,shawn.chase.80@gslingacademy.com,male,FALSE,3,FALSE,16,87,79,89,68,93,75,92
81,Elizabeth,Calhoun,elizabeth.calhoun.81@gslingacademy.com,female,TRUE,3,FALSE,3,87,67,94,92,62,58,65
82,Lisa,Harris,lisa.harris.82@gslingacademy.com,female,FALSE,1,FALSE,15,76,67,83,85,91,61,67
83,Carol,Snyder,carol.snyder.83@gslingacademy.com,female,FALSE,7,FALSE,11,60,80,61,63,95,92,75
84,Charles,Butler,charles.butler.84@gslingacademy.com,male,FALSE,7,FALSE,32,85,65,99,100,88,93,72
85,James,Dawson,james.dawson.85@gslingacademy.com,male,FALSE,3,FALSE,28,73,67,70,71,65,73,87
86,Dennis,Kim,dennis.kim.86@gslingacademy.com,male,FALSE,1,FALSE,24,85,71,69,80,70,77,66
87,Jennifer,Berry,jennifer.berry.87@gslingacademy.com,female,FALSE,2,FALSE,9,91,76,71,72,92,67,90
88,Yvette,Bridges,yvette.bridges.88@gslingacademy.com,female,FALSE,3,TRUE,14,99,95,83,89,81,63,70
89,Robert,Atkins,robert.atkins.89@gslingacademy.com,male,FALSE,3,FALSE,16,93,96,68,87,69,89,100
90,William,Brown,william.brown.90@gslingacademy.com,male,FALSE,3,FALSE,29,89,75,60,80,62,85,73
91,Patrick,Parker,patrick.parker.91@gslingacademy.com,male,FALSE,0,FALSE,14,95,78,95,73,32,65,68
92,James,Santiago,james.santiago.92@gslingacademy.com,male,FALSE,4,FALSE,10,68,82,95,63,62,98,93
93,Robert,Parsons,robert.parsons.93@gslingacademy.com,male,FALSE,5,FALSE,31,98,73,73,77,87,98,83
94,Jacob,Brown,jacob.brown.94@gslingacademy.com,male,FALSE,4,FALSE,34,79,92,79,76,84,67,86
95,Natalie,Robinson,natalie.robinson.95@gslingacademy.com,female,FALSE,5,FALSE,3,78,79,73,96,64,93,85
96,Victoria,Jones,victoria.jones.96@gslingacademy.com,female,FALSE,2,TRUE,34,100,98,89,85,81,64,94
97,Natasha,Hansen,natasha.hansen.97@gslingacademy.com,female,FALSE,3,TRUE,2,86,76,84,93,76,69,91
98,Thomas,White,thomas.white.98@gslingacademy.com,male,FALSE,3,FALSE,4,87,89,93,98,79,72,88
99,Derrick,Figueroa,derrick.figueroa.99@gslingacademy.com,male,TRUE,0,FALSE,28,100,93,85,61,96,83,86
100,Kimberly,Ward,kimberly.ward.100@gslingacademy.com,female,FALSE,0,FALSE,5,85,89,94,69,99,93,98
101,Rhonda,Jones,rhonda.jones.101@gslingacademy.com,female,FALSE,2,FALSE,4,87,73,98,91,79,60,77
102,Abigail,Perez,abigail.perez.102@gslingacademy.com,female,FALSE,2,FALSE,25,96,80,100,61,81,98,65
103,James,Yang,james.yang.103@gslingacademy.com,male,FALSE,5,FALSE,29,76,87,64,74,73,90,99
104,Stephen,Patton,stephen.patton.104@gslingacademy.com,male,TRUE,6,FALSE,1,90,80,63,94,64,70,79
105,Emma,Wright,emma.wright.105@gslingacademy.com,female,FALSE,7,FALSE,2,65,60,100,91,87,78,99
106,Cynthia,Brown,cynthia.brown.106@gslingacademy.com,female,FALSE,2,FALSE,0,98,97,62,89,62,95,77
107,Erin,Kelley,erin.kelley.107@gslingacademy.com,female,FALSE,3,FALSE,16,91,80,97,89,94,95,84
108,Benjamin,Morse,benjamin.morse.108@gslingacademy.com,male,FALSE,3,TRUE,31,86,81,83,81,81,77,86
109,Alexandra,Gibson,alexandra.gibson.109@gslingacademy.com,female,FALSE,1,FALSE,4,91,93,72,61,61,87,95
110,Phillip,Allen,phillip.allen.110@gslingacademy.com,male,FALSE,5,TRUE,13,78,69,82,60,64,77,82
111,Joshua,Gonzalez,joshua.gonzalez.111@gslingacademy.com,male,FALSE,4,FALSE,24,76,89,89,83,89,90,64
112,Erin,Jones,erin.jones.112@gslingacademy.com,female,TRUE,9,FALSE,2,82,54,85,57,50,54,76
113,Charles,Hayes,charles.hayes.113@gslingacademy.com,male,TRUE,2,TRUE,4,45,85,94,76,57,93,86
114,Kelsey,Brown,kelsey.brown.114@gslingacademy.com,female,FALSE,1,FALSE,22,92,75,65,97,61,76,81
115,Robert,Turner,robert.turner.115@gslingacademy.com,male,FALSE,6,TRUE,0,43,65,91,75,64,94,100
116,Robert,Hill,robert.hill.116@gslingacademy.com,male,FALSE,2,FALSE,24,96,66,69,65,72,84,77
117,Alyssa,Ritter,alyssa.ritter.117@gslingacademy.com,female,FALSE,6,FALSE,1,78,71,50,55,54,97,95
118,Beth,Bell,beth.bell.118@gslingacademy.com,female,FALSE,1,FALSE,19,68,96,64,70,74,63,75
119,Andrew,Dixon,andrew.dixon.119@gslingacademy.com,male,FALSE,1,TRUE,19,93,73,94,65,60,63,93
120,Crystal,Walker,crystal.walker.120@gslingacademy.com,female,FALSE,6,FALSE,5,55,93,67,74,55,60,64
121,Jordan,Bennett,jordan.bennett.121@gslingacademy.com,female,TRUE,0,FALSE,13,66,90,83,80,76,90,91
122,Antonio,Caldwell,antonio.caldwell.122@gslingacademy.com,male,FALSE,4,FALSE,26,98,92,91,99,97,88,75
123,Jacob,Reyes,jacob.reyes.123@gslingacademy.com,male,FALSE,4,FALSE,41,94,94,94,89,85,86,85
124,Wendy,Lewis,wendy.lewis.124@gslingacademy.com,female,FALSE,3,FALSE,47,96,100,96,91,91,96,89
125,Jennifer,Miller,jennifer.miller.125@gslingacademy.com,female,FALSE,2,FALSE,9,69,62,82,89,81,72,71
126,Lisa,Ware,lisa.ware.126@gslingacademy.com,female,FALSE,4,FALSE,7,77,95,98,69,60,89,71
127,Brian,Lee,brian.lee.127@gslingacademy.com,male,FALSE,1,FALSE,3,89,67,86,87,87,68,78
128,Mario,Taylor,mario.taylor.128@gslingacademy.com,male,FALSE,4,TRUE,14,96,67,80,83,86,77,75
129,Amanda,Williamson,amanda.williamson.129@gslingacademy.com,female,FALSE,4,FALSE,26,82,70,80,70,96,69,86
130,Michael,Miller,michael.miller.130@gslingacademy.com,male,FALSE,6,TRUE,27,99,97,64,90,87,68,69
131,Amanda,Vasquez,amanda.vasquez.131@gslingacademy.com,female,TRUE,5,FALSE,25,96,73,90,85,63,84,87
132,Chelsea,Obrien,chelsea.obrien.132@gslingacademy.com,female,TRUE,4,FALSE,16,95,82,66,63,67,92,69
133,Tina,Perkins,tina.perkins.133@gslingacademy.com,female,FALSE,4,FALSE,27,90,63,69,80,99,69,79
134,Cory,Perez,cory.perez.134@gslingacademy.com,male,TRUE,6,FALSE,0,88,52,53,56,85,93,78
135,Christopher,Jenkins,christopher.jenkins.135@gslingacademy.com,male,FALSE,1,FALSE,3,87,62,87,96,85,90,74
136,Joanne,Campos,joanne.campos.136@gslingacademy.com,female,FALSE,2,FALSE,6,62,83,84,75,83,85,86
137,David,Patel,david.patel.137@gslingacademy.com,male,FALSE,2,FALSE,12,85,65,60,78,81,96,76
138,Michelle,Hill,michelle.hill.138@gslingacademy.com,female,FALSE,1,TRUE,11,79,97,76,67,61,90,95
139,Jessica,Boyd,jessica.boyd.139@gslingacademy.com,female,FALSE,4,FALSE,23,90,94,98,96,68,82,81
140,Lawrence,Russell,lawrence.russell.140@gslingacademy.com,male,FALSE,2,FALSE,23,97,71,82,80,97,93,78
141,James,Singh,james.singh.141@gslingacademy.com,male,FALSE,0,FALSE,16,88,69,87,81,77,67,93
142,Marc,Villanueva,marc.villanueva.142@gslingacademy.com,male,TRUE,2,TRUE,3,71,85,77,89,98,63,100
143,Cathy,Wilson,cathy.wilson.143@gslingacademy.com,female,FALSE,1,FALSE,29,70,99,79,96,60,97,100
144,Adam,Mitchell,adam.mitchell.144@gslingacademy.com,male,FALSE,3,TRUE,18,93,68,76,99,80,80,75
145,Sherry,Phillips,sherry.phillips.145@gslingacademy.com,female,FALSE,0,FALSE,3,92,79,81,61,86,72,88
146,Victor,Jones,victor.jones.146@gslingacademy.com,male,FALSE,3,FALSE,6,83,72,68,94,100,98,92
147,Mark,Young,mark.young.147@gslingacademy.com,male,FALSE,8,FALSE,2,68,97,51,93,68,58,78
148,Matthew,Jackson,matthew.jackson.148@gslingacademy.com,male,FALSE,0,FALSE,34,92,90,65,79,96,87,74
149,Tanya,Nichols,tanya.nichols.149@gslingacademy.com,female,FALSE,4,TRUE,22,69,91,82,99,94,75,74
150,Julie,Gray,julie.gray.150@gslingacademy.com,female,TRUE,5,FALSE,4,76,72,72,65,82,71,93
151,Courtney,Perry,courtney.perry.151@gslingacademy.com,female,FALSE,3,FALSE,3,86,92,79,73,73,61,60
152,Stephen,Rodriguez,stephen.rodriguez.152@gslingacademy.com,male,TRUE,10,FALSE,2,41,57,97,56,50,98,83
153,Elizabeth,Robinson,elizabeth.robinson.153@gslingacademy.com,female,FALSE,5,FALSE,18,91,100,84,72,84,90,82
154,William,Graves,william.graves.154@gslingacademy.com,male,FALSE,0,FALSE,8,78,67,82,70,65,68,81
155,Nancy,Moore,nancy.moore.155@gslingacademy.com,female,FALSE,1,FALSE,33,89,73,85,84,73,81,98
156,Matthew,Newman,matthew.newman.156@gslingacademy.com,male,FALSE,0,TRUE,13,96,71,88,74,80,92,65
157,Anita,Moore,anita.moore.157@gslingacademy.com,female,FALSE,0,TRUE,17,66,99,85,90,76,64,95
158,Brian,Sanchez,brian.sanchez.158@gslingacademy.com,male,TRUE,8,FALSE,1,97,54,62,66,58,69,96
159,Dennis,Phillips,dennis.phillips.159@gslingacademy.com,male,TRUE,7,TRUE,3,49,64,97,61,62,72,65
160,Michael,Rivas,michael.rivas.160@gslingacademy.com,male,TRUE,4,TRUE,33,88,66,96,82,65,76,79
161,Ryan,Smith,ryan.smith.161@gslingacademy.com,male,FALSE,1,FALSE,12,92,64,77,61,76,72,87
162,Anthony,Sullivan,anthony.sullivan.162@gslingacademy.com,male,TRUE,3,FALSE,24,96,66,92,88,65,76,72
163,Troy,Shepherd,troy.shepherd.163@gslingacademy.com,male,FALSE,4,FALSE,33,86,88,99,79,93,97,91
164,Nicholas,Clayton,nicholas.clayton.164@gslingacademy.com,male,FALSE,1,TRUE,44,86,100,100,96,95,97,93
165,Denise,Schneider,denise.schneider.165@gslingacademy.com,female,FALSE,1,FALSE,15,88,72,96,60,90,80,88
166,Lisa,Silva,lisa.silva.166@gslingacademy.com,female,FALSE,2,FALSE,5,92,81,99,98,77,80,73
167,Laura,Reilly,laura.reilly.167@gslingacademy.com,female,TRUE,7,FALSE,5,87,76,71,65,64,81,61
168,Amy,Peterson,amy.peterson.168@gslingacademy.com,female,FALSE,5,FALSE,22,89,94,67,68,69,92,76
169,Fernando,Sexton,fernando.sexton.169@gslingacademy.com,male,FALSE,1,FALSE,9,97,96,66,96,71,97,66
170,Evan,Christian,evan.christian.170@gslingacademy.com,male,FALSE,4,TRUE,34,100,62,67,97,73,84,99
171,Rebecca,Norris,rebecca.norris.171@gslingacademy.com,female,FALSE,1,FALSE,34,91,98,76,99,65,98,71
172,Erica,Marks,erica.marks.172@gslingacademy.com,female,FALSE,4,FALSE,25,81,87,65,85,74,64,81
173,Rhonda,Webster,rhonda.webster.173@gslingacademy.com,female,FALSE,5,TRUE,31,82,66,89,76,68,83,79
174,John,Bennett,john.bennett.174@gslingacademy.com,male,FALSE,1,FALSE,33,100,96,75,68,77,97,81
175,Amanda,Murphy,amanda.murphy.175@gslingacademy.com,female,FALSE,10,TRUE,3,65,100,80,83,57,81,81
176,Jeremy,Barnes,jeremy.barnes.176@gslingacademy.com,male,FALSE,2,FALSE,20,68,100,89,75,84,78,90
177,John,Brown,john.brown.177@gslingacademy.com,male,FALSE,3,FALSE,15,97,92,95,75,95,90,83
178,Traci,Boyd,traci.boyd.178@gslingacademy.com,female,FALSE,3,FALSE,26,76,94,77,88,85,91,61
179,Elizabeth,Butler,elizabeth.butler.179@gslingacademy.com,female,FALSE,5,FALSE,35,91,99,94,94,95,98,89
180,Alex,Clark,alex.clark.180@gslingacademy.com,male,FALSE,4,FALSE,12,85,73,89,73,97,66,79
181,Christopher,Wolfe,christopher.wolfe.181@gslingacademy.com,male,FALSE,2,TRUE,5,68,69,86,87,72,80,93
182,Jason,Bell,jason.bell.182@gslingacademy.com,male,FALSE,1,FALSE,31,73,99,75,70,100,86,62
183,Victoria,Donaldson,victoria.donaldson.183@gslingacademy.com,female,FALSE,3,TRUE,28,65,90,75,96,91,93,85
184,Logan,Cox,logan.cox.184@gslingacademy.com,male,FALSE,8,TRUE,5,46,79,75,86,91,88,77
185,Rachel,Hill,rachel.hill.185@gslingacademy.com,female,FALSE,1,FALSE,33,92,84,85,77,81,69,95
186,Jenny,Lloyd,jenny.lloyd.186@gslingacademy.com,female,FALSE,3,FALSE,2,69,78,69,70,100,88,85
187,Joan,Cohen,joan.cohen.187@gslingacademy.com,female,FALSE,5,TRUE,9,78,99,64,99,65,84,80
188,Kimberly,Lopez,kimberly.lopez.188@gslingacademy.com,female,TRUE,2,TRUE,0,92,62,86,97,54,76,76
189,Steven,Walker,steven.walker.189@gslingacademy.com,male,FALSE,5,FALSE,26,70,77,91,96,100,89,67
190,Sonia,Bowers,sonia.bowers.190@gslingacademy.com,female,FALSE,5,FALSE,30,95,79,98,95,89,99,87
191,Penny,Perez,penny.perez.191@gslingacademy.com,female,FALSE,7,FALSE,1,99,82,93,83,92,90,60
192,Mike,Harris,mike.harris.192@gslingacademy.com,male,FALSE,1,TRUE,26,96,66,79,80,88,61,85
193,Vanessa,Sweeney,vanessa.sweeney.193@gslingacademy.com,female,FALSE,2,FALSE,2,85,90,85,74,96,71,80
194,Adam,Edwards,adam.edwards.194@gslingacademy.com,male,FALSE,5,FALSE,9,91,94,82,100,68,66,69
195,Angelica,Johnson,angelica.johnson.195@gslingacademy.com,female,FALSE,2,FALSE,30,85,64,93,80,82,70,94
196,Tiffany,Hernandez,tiffany.hernandez.196@gslingacademy.com,female,FALSE,3,FALSE,24,94,73,61,68,65,85,67
197,Mark,Myers,mark.myers.197@gslingacademy.com,male,FALSE,4,FALSE,21,95,69,62,87,84,83,64
198,Erica,Cochran,erica.cochran.198@gslingacademy.com,female,FALSE,2,FALSE,14,69,90,83,70,83,91,67
199,Karen,Watson,karen.watson.199@gslingacademy.com,female,FALSE,1,FALSE,24,95,72,94,96,91,61,94
200,Kathryn,Frazier,kathryn.frazier.200@gslingacademy.com,female,FALSE,3,FALSE,34,94,88,65,88,60,81,78
201,Anthony,Jackson,anthony.jackson.201@gslingacademy.com,male,FALSE,1,TRUE,34,82,81,100,81,60,79,96
202,Jordan,Perez,jordan.perez.202@gslingacademy.com,male,FALSE,6,TRUE,27,99,73,91,91,93,80,100
203,Jennifer,Burgess,jennifer.burgess.203@gslingacademy.com,female,FALSE,3,FALSE,16,85,62,84,80,37,80,71
204,Christina,Davis,christina.davis.204@gslingacademy.com,female,FALSE,1,TRUE,21,100,87,60,92,46,67,96
205,April,Ryan,april.ryan.205@gslingacademy.com,female,FALSE,1,FALSE,1,98,95,90,81,82,86,98
206,Maxwell,Davis,maxwell.davis.206@gslingacademy.com,male,FALSE,3,FALSE,17,97,78,81,67,90,95,79
207,Matthew,Guzman,matthew.guzman.207@gslingacademy.com,male,FALSE,5,FALSE,0,99,86,68,94,97,77,92
208,Robert,Mayer,robert.mayer.208@gslingacademy.com,male,FALSE,3,TRUE,12,99,73,77,74,62,68,99
209,Amanda,Willis,amanda.willis.209@gslingacademy.com,female,FALSE,2,FALSE,22,75,83,70,71,86,95,76
210,Michele,Thomas,michele.thomas.210@gslingacademy.com,female,FALSE,1,TRUE,14,63,80,99,78,60,84,86
211,Tim,Turner,tim.turner.211@gslingacademy.com,male,FALSE,0,FALSE,41,96,88,90,100,94,87,96
212,Joe,Strickland,joe.strickland.212@gslingacademy.com,male,FALSE,4,FALSE,32,91,73,86,73,84,60,71
213,Trevor,Cruz,trevor.cruz.213@gslingacademy.com,male,TRUE,1,FALSE,4,52,58,60,97,93,89,68
214,Melissa,Roberts,melissa.roberts.214@gslingacademy.com,female,FALSE,1,FALSE,22,99,71,80,82,95,64,64
215,Tammy,Miller,tammy.miller.215@gslingacademy.com,female,FALSE,3,FALSE,17,84,62,92,74,73,98,91
216,Chad,Morgan,chad.morgan.216@gslingacademy.com,male,FALSE,2,FALSE,2,100,90,82,79,94,83,78
217,Samantha,Maldonado,samantha.maldonado.217@gslingacademy.com,female,FALSE,4,FALSE,33,82,71,93,90,90,76,97
218,Marie,Martin,marie.martin.218@gslingacademy.com,female,FALSE,5,FALSE,29,75,88,65,80,76,94,97
219,Theresa,Tucker,theresa.tucker.219@gslingacademy.com,female,TRUE,1,FALSE,27,66,71,94,72,96,70,63
220,Joseph,Morris,joseph.morris.220@gslingacademy.com,male,FALSE,6,TRUE,34,99,88,72,76,68,92,72
221,Charles,Parker,charles.parker.221@gslingacademy.com,male,FALSE,3,FALSE,2,99,76,94,88,75,66,84
222,Rachel,Alvarez,rachel.alvarez.222@gslingacademy.com,female,FALSE,3,FALSE,22,95,87,79,95,84,90,74
223,Charles,Robertson,charles.robertson.223@gslingacademy.com,male,FALSE,7,FALSE,33,99,61,75,68,66,90,99
224,Steven,York,steven.york.224@gslingacademy.com,male,FALSE,5,FALSE,17,65,72,96,69,78,93,72
225,Robert,Dougherty,robert.dougherty.225@gslingacademy.com,male,FALSE,7,FALSE,4,85,55,74,71,66,50,99
226,Vanessa,Wheeler,vanessa.wheeler.226@gslingacademy.com,female,FALSE,7,TRUE,3,69,78,57,72,71,96,87
227,Emily,Mcclure,emily.mcclure.227@gslingacademy.com,female,FALSE,7,FALSE,3,75,76,88,65,97,83,85
228,Angela,Thomas,angela.thomas.228@gslingacademy.com,female,FALSE,7,TRUE,17,91,78,72,69,77,91,96
229,Roberto,Evans,roberto.evans.229@gslingacademy.com,male,FALSE,3,FALSE,6,92,95,61,98,89,85,80
230,Christopher,Perez,christopher.perez.230@gslingacademy.com,male,FALSE,7,FALSE,9,62,64,65,86,67,94,68
231,William,Torres,william.torres.231@gslingacademy.com,male,TRUE,2,FALSE,35,87,91,98,94,100,87,89
232,Lisa,Gardner,lisa.gardner.232@gslingacademy.com,female,FALSE,3,FALSE,17,97,88,87,61,86,92,94
233,Catherine,Owens,catherine.owens.233@gslingacademy.com,female,FALSE,1,FALSE,7,97,92,79,88,92,99,85
234,Keith,Summers,keith.summers.234@gslingacademy.com,male,FALSE,5,FALSE,16,98,88,92,84,90,90,71
235,Linda,Adams,linda.adams.235@gslingacademy.com,female,FALSE,1,FALSE,20,96,67,88,95,82,75,84
236,Michael,Wright,michael.wright.236@gslingacademy.com,male,TRUE,7,FALSE,0,98,89,81,56,72,74,94
237,Kyle,James,kyle.james.237@gslingacademy.com,male,FALSE,2,FALSE,27,87,82,95,81,85,84,73
238,Christopher,Cook,christopher.cook.238@gslingacademy.com,male,FALSE,0,FALSE,24,96,80,86,94,63,72,75
239,John,Conley,john.conley.239@gslingacademy.com,male,FALSE,2,FALSE,30,82,74,77,95,81,76,91
240,David,Barnett,david.barnett.240@gslingacademy.com,male,FALSE,6,FALSE,20,100,72,99,64,70,93,67
241,Peter,Garner,peter.garner.241@gslingacademy.com,male,FALSE,0,FALSE,27,91,81,91,76,100,92,87
242,Douglas,Stewart,douglas.stewart.242@gslingacademy.com,male,FALSE,6,FALSE,2,87,62,85,64,63,61,85
243,Heidi,Jones,heidi.jones.243@gslingacademy.com,female,FALSE,6,FALSE,16,75,95,84,87,78,82,86
244,Jeremy,Daniels,jeremy.daniels.244@gslingacademy.com,male,TRUE,1,FALSE,27,86,78,61,71,94,92,65
245,Dustin,Dodson,dustin.dodson.245@gslingacademy.com,male,FALSE,4,TRUE,24,94,62,97,96,74,68,69
246,Christopher,Cohen,christopher.cohen.246@gslingacademy.com,male,FALSE,4,FALSE,23,99,64,92,78,30,78,88
247,Willie,Ellis,willie.ellis.247@gslingacademy.com,male,FALSE,1,FALSE,15,84,91,94,66,78,71,93
248,Robert,Hawkins,robert.hawkins.248@gslingacademy.com,male,FALSE,3,FALSE,25,92,81,68,96,99,92,79
249,Stacy,Jordan,stacy.jordan.249@gslingacademy.com,female,FALSE,2,FALSE,32,95,84,95,72,62,80,83
250,Robert,Swanson,robert.swanson.250@gslingacademy.com,male,FALSE,3,FALSE,35,90,88,94,99,92,87,97
251,Holly,Henderson,holly.henderson.251@gslingacademy.com,female,FALSE,3,FALSE,3,93,100,87,66,85,96,87
252,Debra,Valdez,debra.valdez.252@gslingacademy.com,female,FALSE,1,FALSE,28,69,63,88,73,83,74,94
253,Vincent,Robertson,vincent.robertson.253@gslingacademy.com,male,FALSE,1,FALSE,3,97,80,80,65,91,67,84
254,Karen,Spencer,karen.spencer.254@gslingacademy.com,female,FALSE,0,FALSE,21,76,72,80,92,41,90,78
255,Nathan,Riley,nathan.riley.255@gslingacademy.com,male,FALSE,3,FALSE,35,85,85,92,86,99,86,93
256,Andrea,Sutton,andrea.sutton.256@gslingacademy.com,female,FALSE,7,TRUE,35,91,87,89,97,93,87,100
257,Tracey,Turner,tracey.turner.257@gslingacademy.com,female,FALSE,7,TRUE,14,82,95,92,62,73,75,93
258,Tammy,Olsen,tammy.olsen.258@gslingacademy.com,female,TRUE,7,FALSE,1,59,56,87,97,62,74,61
259,Sheila,Wilkinson,sheila.wilkinson.259@gslingacademy.com,female,FALSE,9,TRUE,0,78,71,73,51,80,84,65
260,Nathan,Padilla,nathan.padilla.260@gslingacademy.com,male,FALSE,2,FALSE,12,89,65,82,65,76,95,62
261,Sarah,Santiago,sarah.santiago.261@gslingacademy.com,female,FALSE,3,FALSE,35,86,91,92,96,90,96,90
262,Christopher,Cruz,christopher.cruz.262@gslingacademy.com,male,FALSE,4,FALSE,2,76,93,65,95,76,88,88
263,Nicholas,Sanders,nicholas.sanders.263@gslingacademy.com,male,TRUE,2,FALSE,16,79,68,63,72,81,67,67
264,Jessica,Waters,jessica.waters.264@gslingacademy.com,female,FALSE,3,FALSE,31,91,96,77,76,80,97,80
265,James,Miller,james.miller.265@gslingacademy.com,male,FALSE,5,FALSE,4,89,66,80,77,60,88,74
266,Adam,Kane,adam.kane.266@gslingacademy.com,male,FALSE,3,FALSE,19,97,94,81,97,79,86,63
267,Patricia,Gonzalez,patricia.gonzalez.267@gslingacademy.com,female,FALSE,3,TRUE,15,100,86,74,96,80,99,76
268,Whitney,Holmes,whitney.holmes.268@gslingacademy.com,female,FALSE,1,FALSE,30,96,68,87,96,91,68,65
269,Rachel,Hamilton,rachel.hamilton.269@gslingacademy.com,female,FALSE,7,FALSE,17,94,64,100,71,84,92,99
270,Melissa,Marshall,melissa.marshall.270@gslingacademy.com,female,FALSE,2,FALSE,23,98,68,80,75,80,81,60
271,Jacob,Henderson,jacob.henderson.271@gslingacademy.com,male,FALSE,1,FALSE,3,53,71,98,95,94,71,77
272,Melissa,Huerta,melissa.huerta.272@gslingacademy.com,female,FALSE,7,FALSE,4,44,64,58,66,87,62,68
273,Kevin,Camacho,kevin.camacho.273@gslingacademy.com,male,FALSE,0,FALSE,25,85,70,73,95,100,70,94
274,Anthony,Martinez,anthony.martinez.274@gslingacademy.com,male,TRUE,10,FALSE,1,51,91,67,79,58,52,75
275,Randy,Rodriguez,randy.rodriguez.275@gslingacademy.com,male,FALSE,1,FALSE,24,90,89,82,74,67,92,82
276,Patrick,Vazquez,patrick.vazquez.276@gslingacademy.com,male,FALSE,1,FALSE,15,100,92,90,66,73,68,70
277,Kim,Flores,kim.flores.277@gslingacademy.com,female,TRUE,7,FALSE,1,95,73,61,91,84,92,94
278,Robert,Salazar,robert.salazar.278@gslingacademy.com,male,FALSE,1,TRUE,33,76,81,96,74,75,80,98
279,Victoria,Vasquez,victoria.vasquez.279@gslingacademy.com,female,FALSE,1,FALSE,11,71,98,96,60,90,79,72
280,Ricardo,Macias,ricardo.macias.280@gslingacademy.com,male,FALSE,3,FALSE,10,95,60,87,71,91,84,98
281,Brandi,Bauer,brandi.bauer.281@gslingacademy.com,female,FALSE,7,TRUE,15,92,88,76,93,69,75,97
282,Jorge,Roth,jorge.roth.282@gslingacademy.com,male,FALSE,5,FALSE,34,82,95,96,100,89,64,91
283,Benjamin,Davis,benjamin.davis.283@gslingacademy.com,male,FALSE,3,FALSE,30,85,94,83,76,77,81,92
284,Nancy,Pierce,nancy.pierce.284@gslingacademy.com,female,TRUE,4,TRUE,4,82,85,75,92,76,95,85
285,Catherine,Weiss,catherine.weiss.285@gslingacademy.com,female,FALSE,2,FALSE,28,98,77,94,63,69,88,100
286,Jacob,Perez,jacob.perez.286@gslingacademy.com,male,FALSE,5,TRUE,29,93,96,94,84,91,67,68
287,Penny,Zuniga,penny.zuniga.287@gslingacademy.com,female,FALSE,7,TRUE,30,84,97,60,100,83,88,94
288,Anthony,Cox,anthony.cox.288@gslingacademy.com,male,FALSE,4,FALSE,31,81,95,76,60,61,98,77
289,Angela,Nelson,angela.nelson.289@gslingacademy.com,female,FALSE,8,FALSE,1,62,64,84,67,78,51,62
290,Lisa,White,lisa.white.290@gslingacademy.com,female,FALSE,6,FALSE,16,92,70,60,94,87,90,86
291,Robin,Parker,robin.parker.291@gslingacademy.com,female,FALSE,2,TRUE,18,64,93,61,61,74,94,64
292,Cynthia,Shields,cynthia.shields.292@gslingacademy.com,female,TRUE,1,FALSE,4,89,67,97,67,75,94,93
293,Pamela,Wilkinson,pamela.wilkinson.293@gslingacademy.com,female,FALSE,8,FALSE,32,99,88,84,87,36,96,86
294,Brenda,Nichols,brenda.nichols.294@gslingacademy.com,female,FALSE,2,FALSE,12,95,82,93,99,66,93,86
295,Laura,Rodriguez,laura.rodriguez.295@gslingacademy.com,female,TRUE,6,FALSE,5,72,92,67,100,70,94,81
296,Julie,Carey,julie.carey.296@gslingacademy.com,female,FALSE,2,TRUE,15,68,89,68,90,68,99,74
297,Barbara,Andrews,barbara.andrews.297@gslingacademy.com,female,FALSE,3,FALSE,31,92,69,78,68,70,80,73
298,Tracy,Johnson,tracy.johnson.298@gslingacademy.com,male,FALSE,2,FALSE,2,97,74,97,60,65,90,97
299,Sarah,Oconnor,sarah.oconnor.299@gslingacademy.com,female,FALSE,1,FALSE,2,81,92,94,77,84,63,64
300,Joseph,Landry,joseph.landry.300@gslingacademy.com,male,FALSE,3,FALSE,20,88,60,81,85,87,90,76
301,Terry,Chen,terry.chen.301@gslingacademy.com,male,FALSE,1,TRUE,11,76,82,70,72,78,60,81
302,Heather,Faulkner,heather.faulkner.302@gslingacademy.com,female,FALSE,10,FALSE,26,77,62,97,82,74,98,95
303,Wanda,Baxter,wanda.baxter.303@gslingacademy.com,female,FALSE,3,FALSE,22,89,81,99,71,67,74,89
304,Amanda,Davis,amanda.davis.304@gslingacademy.com,female,FALSE,1,TRUE,12,65,69,66,65,90,76,60
305,Gina,Powell,gina.powell.305@gslingacademy.com,female,TRUE,10,FALSE,4,82,55,76,63,70,61,60
306,Sabrina,Hall,sabrina.hall.306@gslingacademy.com,female,FALSE,3,FALSE,34,77,60,61,91,62,78,91
307,Lauren,Miller,lauren.miller.307@gslingacademy.com,female,FALSE,0,FALSE,9,66,70,88,70,62,70,75
308,Jessica,Diaz,jessica.diaz.308@gslingacademy.com,female,FALSE,5,FALSE,43,90,96,100,87,100,90,89
309,Ashley,Garcia,ashley.garcia.309@gslingacademy.com,female,FALSE,2,FALSE,1,73,87,90,96,61,61,76
310,Miranda,Johnson,miranda.johnson.310@gslingacademy.com,female,FALSE,2,FALSE,19,89,64,74,97,95,77,88
311,Tracy,Johnston,tracy.johnston.311@gslingacademy.com,female,TRUE,4,FALSE,2,72,55,54,62,75,79,96
312,Erik,Butler,erik.butler.312@gslingacademy.com,male,FALSE,1,FALSE,34,87,90,89,88,93,87,70
313,Tiffany,Jones,tiffany.jones.313@gslingacademy.com,female,FALSE,4,TRUE,31,75,98,96,85,81,69,90
314,Brandy,Campbell,brandy.campbell.314@gslingacademy.com,female,FALSE,4,FALSE,11,80,85,98,99,92,70,96
315,Joel,Hicks,joel.hicks.315@gslingacademy.com,male,FALSE,2,FALSE,35,85,87,87,90,91,91,99
316,John,Miller,john.miller.316@gslingacademy.com,male,FALSE,4,FALSE,20,92,93,74,76,79,65,74
317,Nancy,Jones,nancy.jones.317@gslingacademy.com,female,TRUE,0,FALSE,22,63,60,92,88,90,68,100
318,Jody,Mueller,jody.mueller.318@gslingacademy.com,female,FALSE,3,FALSE,2,99,99,87,80,89,78,87
319,Steven,Fox,steven.fox.319@gslingacademy.com,male,FALSE,7,FALSE,1,87,88,51,96,77,71,61
320,Taylor,Klein,taylor.klein.320@gslingacademy.com,female,FALSE,4,FALSE,34,87,84,62,76,89,83,93
321,David,Barron,david.barron.321@gslingacademy.com,male,TRUE,6,FALSE,17,90,75,71,64,97,89,88
322,Kevin,Thompson,kevin.thompson.322@gslingacademy.com,male,FALSE,6,FALSE,34,94,83,99,100,94,91,69
323,Andrea,Walters,andrea.walters.323@gslingacademy.com,female,TRUE,5,FALSE,25,86,76,81,83,81,70,65
324,David,Wright,david.wright.324@gslingacademy.com,male,FALSE,3,FALSE,8,96,81,95,78,79,65,86
325,Anthony,Oconnor,anthony.oconnor.325@gslingacademy.com,male,FALSE,3,FALSE,4,75,69,85,73,79,93,74
326,Laura,Miller,laura.miller.326@gslingacademy.com,female,FALSE,1,TRUE,26,74,92,81,79,74,85,86
327,Steven,Barrett,steven.barrett.327@gslingacademy.com,male,FALSE,1,FALSE,13,96,91,96,69,70,99,70
328,Miranda,Ruiz,miranda.ruiz.328@gslingacademy.com,female,FALSE,1,TRUE,4,79,77,62,98,76,99,82
329,Matthew,Anderson,matthew.anderson.329@gslingacademy.com,male,FALSE,2,FALSE,27,70,88,60,68,66,82,60
330,Kenneth,Flores,kenneth.flores.330@gslingacademy.com,male,FALSE,5,FALSE,32,79,91,62,87,80,65,94
331,Sydney,Johnson,sydney.johnson.331@gslingacademy.com,female,FALSE,1,FALSE,25,91,65,86,66,88,85,60
332,Carla,Lewis,carla.lewis.332@gslingacademy.com,female,FALSE,1,FALSE,13,90,72,78,61,78,88,74
333,Jeffrey,Shannon,jeffrey.shannon.333@gslingacademy.com,male,FALSE,1,FALSE,31,87,100,86,60,80,78,96
334,Angela,Park,angela.park.334@gslingacademy.com,female,FALSE,3,FALSE,8,69,99,78,85,98,86,73
335,Brandon,Smith,brandon.smith.335@gslingacademy.com,male,TRUE,9,FALSE,0,66,99,50,62,97,60,84
336,Kenneth,Moody,kenneth.moody.336@gslingacademy.com,male,FALSE,7,FALSE,6,65,95,78,65,74,69,63
337,Scott,Hughes,scott.hughes.337@gslingacademy.com,male,FALSE,2,FALSE,7,83,81,88,82,97,83,74
338,Cody,Jimenez,cody.jimenez.338@gslingacademy.com,male,FALSE,1,FALSE,32,100,89,95,63,67,92,75
339,Allen,Farmer,allen.farmer.339@gslingacademy.com,male,FALSE,5,TRUE,30,85,70,78,66,69,62,100
340,James,Young,james.young.340@gslingacademy.com,male,FALSE,9,FALSE,4,45,98,95,66,84,83,100
341,Laura,Dawson,laura.dawson.341@gslingacademy.com,female,FALSE,5,FALSE,15,73,75,94,82,71,90,75
342,Donald,Carson,donald.carson.342@gslingacademy.com,male,FALSE,2,FALSE,2,95,83,96,97,72,77,61
343,Wayne,Lane,wayne.lane.343@gslingacademy.com,male,FALSE,8,TRUE,32,96,95,61,72,71,83,96
344,Robert,Johnson,robert.johnson.344@gslingacademy.com,male,FALSE,2,FALSE,24,94,72,96,93,93,79,64
345,Melissa,Le,melissa.le.345@gslingacademy.com,female,FALSE,1,FALSE,18,92,69,69,60,90,88,95
346,David,Rice,david.rice.346@gslingacademy.com,male,TRUE,10,FALSE,5,56,52,76,95,54,59,85
347,Dawn,Gomez,dawn.gomez.347@gslingacademy.com,female,TRUE,3,FALSE,24,85,74,65,76,100,95,68
348,Ricky,Nichols,ricky.nichols.348@gslingacademy.com,male,FALSE,1,FALSE,16,65,90,68,99,74,82,86
349,Henry,Pitts,henry.pitts.349@gslingacademy.com,male,FALSE,1,FALSE,15,64,81,95,87,86,91,80
350,Christopher,Price,christopher.price.350@gslingacademy.com,male,FALSE,3,FALSE,26,100,88,94,67,62,66,96
351,Aimee,Adams,aimee.adams.351@gslingacademy.com,female,FALSE,3,FALSE,15,76,64,64,60,75,92,61
352,Tammy,Barry,tammy.barry.352@gslingacademy.com,female,FALSE,1,FALSE,5,97,76,91,76,89,60,85
353,Ryan,Hull,ryan.hull.353@gslingacademy.com,male,FALSE,1,TRUE,14,95,98,98,83,77,93,83
354,Samuel,Jackson,samuel.jackson.354@gslingacademy.com,male,FALSE,4,FALSE,1,85,64,90,94,68,97,61
355,Joshua,Smith,joshua.smith.355@gslingacademy.com,male,FALSE,5,FALSE,10,86,91,96,60,91,73,88
356,Sydney,Stevenson,sydney.stevenson.356@gslingacademy.com,female,FALSE,6,FALSE,5,100,58,58,100,60,52,82
357,Christopher,Rios,christopher.rios.357@gslingacademy.com,male,FALSE,2,FALSE,26,65,77,66,100,88,77,62
358,Brenda,Collins,brenda.collins.358@gslingacademy.com,female,FALSE,2,TRUE,26,71,81,99,74,74,82,67
359,Diana,Griffin,diana.griffin.359@gslingacademy.com,female,FALSE,2,FALSE,14,80,94,97,83,84,77,79
360,Gary,Gray,gary.gray.360@gslingacademy.com,male,FALSE,7,TRUE,21,91,76,96,77,99,64,83
361,Kimberly,Torres,kimberly.torres.361@gslingacademy.com,female,FALSE,2,FALSE,32,91,87,88,82,95,70,87
362,Jeffrey,Booker,jeffrey.booker.362@gslingacademy.com,male,FALSE,0,FALSE,30,100,86,81,100,66,98,97
363,Nicole,Buchanan,nicole.buchanan.363@gslingacademy.com,female,FALSE,3,FALSE,13,92,79,71,65,99,91,98
364,Kristin,Johnson,kristin.johnson.364@gslingacademy.com,female,FALSE,7,FALSE,33,89,76,95,83,84,96,61
365,Emily,Bell,emily.bell.365@gslingacademy.com,female,FALSE,3,FALSE,15,93,92,92,76,49,93,75
366,Francis,Nelson,francis.nelson.366@gslingacademy.com,male,FALSE,10,FALSE,33,81,64,67,74,65,94,96
367,Tracy,Harris,tracy.harris.367@gslingacademy.com,male,FALSE,2,FALSE,11,70,73,70,67,96,86,89
368,Sheila,Sosa,sheila.sosa.368@gslingacademy.com,female,FALSE,2,FALSE,30,61,70,89,97,60,79,79
369,Ashley,Mendez,ashley.mendez.369@gslingacademy.com,female,FALSE,7,FALSE,2,62,53,78,77,59,95,80
370,Matthew,Griffin,matthew.griffin.370@gslingacademy.com,male,FALSE,3,FALSE,4,83,61,79,99,66,60,76
371,Timothy,Mann,timothy.mann.371@gslingacademy.com,male,FALSE,3,FALSE,32,85,96,87,63,69,69,81
372,Christine,Foster,christine.foster.372@gslingacademy.com,female,TRUE,7,FALSE,0,83,55,87,74,73,77,61
373,Julie,Yates,julie.yates.373@gslingacademy.com,female,FALSE,2,FALSE,4,73,95,54,94,99,58,94
374,William,Ballard,william.ballard.374@gslingacademy.com,male,TRUE,10,TRUE,0,61,65,73,78,77,97,96
375,Kristen,Adams,kristen.adams.375@gslingacademy.com,female,FALSE,5,TRUE,21,77,72,81,63,69,73,80
376,Chelsea,Mitchell,chelsea.mitchell.376@gslingacademy.com,female,FALSE,2,FALSE,29,77,87,65,91,71,90,90
377,Patrick,Everett,patrick.everett.377@gslingacademy.com,male,FALSE,3,FALSE,32,99,94,94,62,68,79,68
378,Carla,Parker,carla.parker.378@gslingacademy.com,female,FALSE,7,FALSE,14,73,69,94,78,76,63,71
379,Casey,Galvan,casey.galvan.379@gslingacademy.com,male,FALSE,1,FALSE,25,95,89,96,89,60,99,93
380,Eric,Moran,eric.moran.380@gslingacademy.com,male,FALSE,7,TRUE,4,94,79,92,100,93,63,98
381,Tabitha,Hudson,tabitha.hudson.381@gslingacademy.com,female,FALSE,2,TRUE,32,75,83,85,65,76,94,60
382,Lance,Salazar,lance.salazar.382@gslingacademy.com,male,FALSE,2,FALSE,7,66,83,77,91,84,74,62
383,Melissa,Williamson,melissa.williamson.383@gslingacademy.com,female,TRUE,1,FALSE,22,91,79,89,74,79,74,61
384,James,Castro,james.castro.384@gslingacademy.com,male,FALSE,5,FALSE,3,81,61,75,65,90,92,80
385,Joseph,Johnson,joseph.johnson.385@gslingacademy.com,male,TRUE,8,FALSE,1,71,69,69,67,70,78,66
386,Gene,Woodward,gene.woodward.386@gslingacademy.com,male,FALSE,4,TRUE,23,77,94,97,77,63,98,98
387,Patricia,Watson,patricia.watson.387@gslingacademy.com,female,FALSE,0,FALSE,42,91,87,93,85,98,85,95
388,John,Carey,john.carey.388@gslingacademy.com,male,FALSE,1,FALSE,30,83,98,100,93,100,77,76
389,Sara,Cochran,sara.cochran.389@gslingacademy.com,female,FALSE,1,FALSE,1,75,51,70,84,66,64,88
390,Jamie,Suarez,jamie.suarez.390@gslingacademy.com,female,TRUE,3,TRUE,17,86,96,68,71,86,94,89
391,Steven,Frazier,steven.frazier.391@gslingacademy.com,male,FALSE,2,FALSE,48,86,88,89,89,98,89,96
392,Nicholas,Hart,nicholas.hart.392@gslingacademy.com,male,FALSE,4,TRUE,24,85,67,60,82,77,72,72
393,Cheryl,Arias,cheryl.arias.393@gslingacademy.com,female,FALSE,6,FALSE,31,62,81,80,88,78,94,85
394,Marc,Brock,marc.brock.394@gslingacademy.com,male,TRUE,7,FALSE,0,100,65,67,61,76,58,84
395,Timothy,Perez,timothy.perez.395@gslingacademy.com,male,FALSE,9,FALSE,2,79,86,97,60,66,74,96
396,Courtney,Rodriguez,courtney.rodriguez.396@gslingacademy.com,female,FALSE,1,FALSE,24,99,97,68,85,86,85,73
397,Samantha,Clark,samantha.clark.397@gslingacademy.com,female,FALSE,7,FALSE,2,46,65,97,100,56,73,95
398,Francisco,Reilly,francisco.reilly.398@gslingacademy.com,male,FALSE,0,FALSE,32,85,97,88,61,80,80,84
399,Denise,Young,denise.young.399@gslingacademy.com,female,FALSE,2,FALSE,4,85,68,89,64,79,66,66
400,Darrell,Williams,darrell.williams.400@gslingacademy.com,male,FALSE,4,FALSE,32,85,87,91,63,95,88,62
401,Andrew,Smith,andrew.smith.401@gslingacademy.com,male,FALSE,3,FALSE,16,99,86,90,100,96,77,60
402,Teresa,Stafford,teresa.stafford.402@gslingacademy.com,female,FALSE,1,FALSE,20,84,92,63,91,89,92,76
403,Cory,Harris,cory.harris.403@gslingacademy.com,male,FALSE,4,FALSE,28,85,72,87,72,68,85,78
404,Douglas,Irwin,douglas.irwin.404@gslingacademy.com,male,FALSE,7,FALSE,30,100,79,92,92,67,68,72
405,Deborah,Miller,deborah.miller.405@gslingacademy.com,female,FALSE,3,FALSE,17,86,61,68,91,60,86,62
406,Autumn,Hernandez,autumn.hernandez.406@gslingacademy.com,female,FALSE,5,FALSE,25,79,70,71,95,79,77,68
407,Paul,Serrano,paul.serrano.407@gslingacademy.com,male,FALSE,5,FALSE,18,76,82,76,71,70,89,76
408,Matthew,Griffin,matthew.griffin.408@gslingacademy.com,male,TRUE,1,FALSE,23,96,63,69,67,69,92,77
409,Evan,Holmes,evan.holmes.409@gslingacademy.com,male,FALSE,4,TRUE,23,100,77,75,74,80,94,74
410,Cynthia,Baker,cynthia.baker.410@gslingacademy.com,female,FALSE,6,FALSE,21,88,84,87,97,94,87,85
411,Sandra,Melendez,sandra.melendez.411@gslingacademy.com,female,FALSE,3,FALSE,27,96,76,98,89,93,85,75
412,Claudia,Munoz,claudia.munoz.412@gslingacademy.com,female,FALSE,5,FALSE,14,92,66,96,71,87,89,61
413,Christopher,Nguyen,christopher.nguyen.413@gslingacademy.com,male,FALSE,2,TRUE,37,87,93,99,100,97,92,90
414,David,Jennings,david.jennings.414@gslingacademy.com,male,FALSE,3,FALSE,29,95,82,74,87,36,61,88
415,Joel,Morris,joel.morris.415@gslingacademy.com,male,TRUE,6,FALSE,4,44,76,56,71,66,54,91
416,Rhonda,Bradley,rhonda.bradley.416@gslingacademy.com,female,FALSE,3,FALSE,16,78,89,68,63,81,92,97
417,Melissa,Brown,melissa.brown.417@gslingacademy.com,female,FALSE,4,FALSE,30,95,78,93,85,48,68,75
418,Matthew,Kramer,matthew.kramer.418@gslingacademy.com,male,TRUE,7,FALSE,1,57,56,53,75,98,92,73
419,Austin,Bass,austin.bass.419@gslingacademy.com,male,FALSE,3,TRUE,24,86,99,95,94,92,90,77
420,Jennifer,West,jennifer.west.420@gslingacademy.com,female,FALSE,2,FALSE,35,92,97,100,91,95,90,95
421,Patricia,Mccormick,patricia.mccormick.421@gslingacademy.com,female,FALSE,1,FALSE,14,69,69,84,100,69,77,87
422,Sandra,Jacobs,sandra.jacobs.422@gslingacademy.com,female,FALSE,1,FALSE,3,91,62,75,60,82,91,96
423,Jasmine,Clark,jasmine.clark.423@gslingacademy.com,female,FALSE,4,FALSE,15,79,79,97,78,31,99,84
424,Jeffrey,Young,jeffrey.young.424@gslingacademy.com,male,FALSE,5,FALSE,23,93,96,80,64,91,68,71
425,Jason,Hernandez,jason.hernandez.425@gslingacademy.com,male,FALSE,6,FALSE,19,90,79,90,73,76,68,95
426,Christopher,Hamilton,christopher.hamilton.426@gslingacademy.com,male,FALSE,3,FALSE,33,99,68,100,95,95,88,83
427,Monique,Peterson,monique.peterson.427@gslingacademy.com,female,FALSE,0,FALSE,14,90,69,81,92,65,89,69
428,Jill,Sexton,jill.sexton.428@gslingacademy.com,female,FALSE,1,TRUE,0,71,84,66,75,93,84,69
429,Jennifer,Kemp,jennifer.kemp.429@gslingacademy.com,female,FALSE,1,FALSE,34,98,93,67,74,81,87,76
430,David,Harris,david.harris.430@gslingacademy.com,male,FALSE,5,FALSE,33,94,99,83,94,93,95,93
431,Cheryl,Snyder,cheryl.snyder.431@gslingacademy.com,female,FALSE,7,FALSE,7,92,89,79,76,86,61,81
432,Nathan,Armstrong,nathan.armstrong.432@gslingacademy.com,male,FALSE,2,FALSE,18,100,96,74,61,87,94,60
433,Patrick,Ryan,patrick.ryan.433@gslingacademy.com,male,FALSE,9,FALSE,4,48,55,86,51,54,94,61
434,Christian,Wilkins,christian.wilkins.434@gslingacademy.com,male,FALSE,6,FALSE,10,63,87,71,68,66,67,99
435,Clinton,Martin,clinton.martin.435@gslingacademy.com,male,TRUE,2,FALSE,22,89,83,89,91,94,93,69
436,Adriana,Sandoval,adriana.sandoval.436@gslingacademy.com,female,FALSE,5,FALSE,28,88,90,93,81,88,90,74
437,Jeremy,Harvey,jeremy.harvey.437@gslingacademy.com,male,FALSE,2,FALSE,2,98,87,67,97,62,60,79
438,Caitlin,Murillo,caitlin.murillo.438@gslingacademy.com,female,FALSE,1,FALSE,0,92,86,88,75,60,50,79
439,Andrew,Green,andrew.green.439@gslingacademy.com,male,FALSE,3,FALSE,24,80,60,100,99,98,75,94
440,Rodney,Bennett,rodney.bennett.440@gslingacademy.com,male,FALSE,2,FALSE,15,92,63,91,65,69,94,98
441,Megan,Moyer,megan.moyer.441@gslingacademy.com,female,TRUE,2,FALSE,1,82,95,68,64,97,99,60
442,Mathew,Burns,mathew.burns.442@gslingacademy.com,male,FALSE,1,FALSE,8,84,74,74,75,99,99,85
443,Tammie,Stanley,tammie.stanley.443@gslingacademy.com,female,FALSE,7,FALSE,9,61,70,65,67,93,81,63
444,James,Glover,james.glover.444@gslingacademy.com,male,FALSE,4,FALSE,33,99,87,98,76,65,94,67
445,Michelle,Reeves,michelle.reeves.445@gslingacademy.com,female,FALSE,3,FALSE,32,83,69,90,78,39,95,82
446,Rhonda,Hall,rhonda.hall.446@gslingacademy.com,female,TRUE,9,FALSE,4,56,90,95,59,91,77,99
447,Matthew,Kidd,matthew.kidd.447@gslingacademy.com,male,FALSE,2,FALSE,2,65,64,52,56,63,82,83
448,Joseph,Stone,joseph.stone.448@gslingacademy.com,male,FALSE,3,FALSE,20,94,61,77,73,79,65,89
449,Jessica,Mendoza,jessica.mendoza.449@gslingacademy.com,female,FALSE,1,FALSE,21,90,96,73,89,93,87,96
450,Susan,Brown,susan.brown.450@gslingacademy.com,female,FALSE,3,FALSE,29,94,82,81,90,76,97,86
451,Lori,Ryan,lori.ryan.451@gslingacademy.com,female,FALSE,3,FALSE,13,89,87,63,83,64,85,72
452,Ryan,Cruz,ryan.cruz.452@gslingacademy.com,male,FALSE,1,FALSE,24,89,67,68,93,98,75,88
453,Nicholas,Johnson,nicholas.johnson.453@gslingacademy.com,male,FALSE,7,FALSE,30,88,98,87,85,96,77,96
454,Joseph,Schmidt,joseph.schmidt.454@gslingacademy.com,male,FALSE,1,FALSE,25,76,94,90,75,92,86,87
455,Daniel,Brown,daniel.brown.455@gslingacademy.com,male,FALSE,1,FALSE,1,88,78,84,96,92,99,97
456,Harold,Vazquez,harold.vazquez.456@gslingacademy.com,male,FALSE,4,FALSE,27,88,76,80,72,100,69,71
457,Lance,Parsons,lance.parsons.457@gslingacademy.com,male,FALSE,0,TRUE,4,54,88,82,89,72,60,69
458,Jill,Mathews,jill.mathews.458@gslingacademy.com,female,FALSE,2,TRUE,32,87,87,76,67,68,89,77
459,Crystal,Nguyen,crystal.nguyen.459@gslingacademy.com,female,FALSE,1,FALSE,1,95,73,79,81,82,69,100
460,Susan,Perez,susan.perez.460@gslingacademy.com,female,FALSE,2,FALSE,32,72,72,68,81,95,90,99
461,Brenda,Powers,brenda.powers.461@gslingacademy.com,female,FALSE,1,TRUE,4,95,76,70,89,88,87,62
462,Samuel,Thompson,samuel.thompson.462@gslingacademy.com,male,FALSE,4,FALSE,28,91,97,86,77,83,79,62
463,Taylor,Nelson,taylor.nelson.463@gslingacademy.com,female,FALSE,3,TRUE,32,79,81,63,79,96,96,89
464,Kimberly,West,kimberly.west.464@gslingacademy.com,female,FALSE,1,FALSE,33,80,71,94,92,92,60,78
465,Brad,Lee,brad.lee.465@gslingacademy.com,male,TRUE,2,FALSE,4,86,90,88,73,50,93,71
466,Clayton,Green,clayton.green.466@gslingacademy.com,male,FALSE,1,FALSE,31,88,88,90,67,77,83,64
467,Richard,Anderson,richard.anderson.467@gslingacademy.com,male,FALSE,5,FALSE,17,83,95,86,80,64,66,97
468,Antonio,Flores,antonio.flores.468@gslingacademy.com,male,FALSE,2,FALSE,23,84,84,80,97,87,97,91
469,Margaret,Mullins,margaret.mullins.469@gslingacademy.com,female,FALSE,0,FALSE,29,85,82,81,85,72,90,71
470,Michael,Ball,michael.ball.470@gslingacademy.com,male,FALSE,2,FALSE,19,91,85,96,83,74,87,74
471,Allen,Booth,allen.booth.471@gslingacademy.com,male,TRUE,4,TRUE,26,83,71,94,60,63,93,67
472,Stephanie,Clark,stephanie.clark.472@gslingacademy.com,female,FALSE,7,FALSE,7,97,93,99,98,96,79,88
473,Sharon,Nelson,sharon.nelson.473@gslingacademy.com,female,FALSE,6,FALSE,4,63,68,92,73,66,69,87
474,Marco,Clark,marco.clark.474@gslingacademy.com,male,FALSE,6,FALSE,22,92,98,90,82,86,86,89
475,Victor,Smith,victor.smith.475@gslingacademy.com,male,TRUE,6,TRUE,4,78,78,64,94,79,92,63
476,Christina,Patterson,christina.patterson.476@gslingacademy.com,female,FALSE,3,FALSE,29,78,90,69,100,90,91,90
477,Jerry,Knight,jerry.knight.477@gslingacademy.com,male,FALSE,8,TRUE,21,89,60,93,79,72,76,85
478,Madison,Jacobs,madison.jacobs.478@gslingacademy.com,female,FALSE,3,FALSE,5,53,87,100,84,63,62,95
479,Douglas,Watson,douglas.watson.479@gslingacademy.com,male,FALSE,5,FALSE,15,63,84,60,85,91,83,84
480,Manuel,Barrett,manuel.barrett.480@gslingacademy.com,male,FALSE,3,TRUE,10,100,98,71,100,71,92,63
481,Janet,Martin,janet.martin.481@gslingacademy.com,female,TRUE,7,FALSE,2,79,54,81,87,67,74,85
482,Teresa,Flores,teresa.flores.482@gslingacademy.com,female,FALSE,4,TRUE,0,93,77,71,62,94,69,72
483,Anthony,Mullins,anthony.mullins.483@gslingacademy.com,male,FALSE,5,TRUE,3,97,88,67,72,83,87,62
484,Julie,Zamora,julie.zamora.484@gslingacademy.com,female,FALSE,6,TRUE,1,76,82,93,98,98,60,65
485,Maria,Nguyen,maria.nguyen.485@gslingacademy.com,female,FALSE,3,TRUE,26,84,83,80,91,88,61,61
486,Selena,Castro,selena.castro.486@gslingacademy.com,female,TRUE,5,FALSE,2,56,96,65,61,78,77,95
487,Whitney,Miller,whitney.miller.487@gslingacademy.com,female,FALSE,3,FALSE,21,97,89,94,91,95,70,75
488,Brenda,Mooney,brenda.mooney.488@gslingacademy.com,female,FALSE,10,FALSE,5,67,60,97,53,93,78,81
489,Angela,Allen,angela.allen.489@gslingacademy.com,female,TRUE,10,FALSE,5,97,93,64,74,94,74,76
490,Erica,Cohen,erica.cohen.490@gslingacademy.com,female,FALSE,5,FALSE,0,100,67,50,78,73,90,91
491,Kelly,Sanders,kelly.sanders.491@gslingacademy.com,female,FALSE,5,TRUE,10,83,61,76,75,62,79,94
492,Michael,Clark,michael.clark.492@gslingacademy.com,male,FALSE,5,FALSE,2,85,63,83,83,69,94,80
493,Tammy,Fields,tammy.fields.493@gslingacademy.com,female,FALSE,5,TRUE,24,100,96,97,64,76,77,61
494,Steven,Pennington,steven.pennington.494@gslingacademy.com,male,FALSE,4,FALSE,46,92,98,99,86,100,86,87
495,Matthew,Chavez,matthew.chavez.495@gslingacademy.com,male,FALSE,3,FALSE,31,88,98,65,68,99,94,79
496,Stephen,Gallagher,stephen.gallagher.496@gslingacademy.com,male,FALSE,1,FALSE,33,95,82,62,76,64,91,79
497,Victoria,Anderson,victoria.anderson.497@gslingacademy.com,female,FALSE,5,FALSE,26,76,81,84,80,80,84,70
498,Thomas,Schroeder,thomas.schroeder.498@gslingacademy.com,male,FALSE,2,FALSE,19,79,93,72,97,69,78,87
499,Mark,Sanchez,mark.sanchez.499@gslingacademy.com,male,FALSE,3,FALSE,25,93,70,84,68,71,85,70
500,Katelyn,Moses,katelyn.moses.500@gslingacademy.com,female,FALSE,3,FALSE,24,79,96,78,90,94,76,88
501,Corey,Davis,corey.davis.501@gslingacademy.com,male,FALSE,1,FALSE,21,98,99,72,100,94,77,84
502,Susan,Klein,susan.klein.502@gslingacademy.com,female,TRUE,8,TRUE,0,93,99,81,67,87,76,60
503,John,Martinez,john.martinez.503@gslingacademy.com,male,FALSE,4,FALSE,30,91,79,78,95,86,89,100
504,Kendra,Robertson,kendra.robertson.504@gslingacademy.com,female,FALSE,4,FALSE,32,86,99,77,61,72,92,70
505,Tamara,Olson,tamara.olson.505@gslingacademy.com,female,FALSE,8,FALSE,15,81,80,85,93,68,75,90
506,Sara,Frazier,sara.frazier.506@gslingacademy.com,female,FALSE,6,FALSE,15,97,94,94,83,91,65,96
507,Morgan,Moore,morgan.moore.507@gslingacademy.com,female,FALSE,3,TRUE,4,90,95,89,93,92,99,88
508,Eric,Snyder,eric.snyder.508@gslingacademy.com,male,FALSE,1,TRUE,27,90,91,62,82,76,70,64
509,Paul,Hale,paul.hale.509@gslingacademy.com,male,FALSE,5,FALSE,33,82,92,95,61,84,81,82
510,Dale,Martinez,dale.martinez.510@gslingacademy.com,male,FALSE,7,FALSE,25,91,94,89,74,60,77,77
511,Sandra,Prince,sandra.prince.511@gslingacademy.com,female,FALSE,0,FALSE,29,70,94,67,74,84,95,65
512,Dawn,Poole,dawn.poole.512@gslingacademy.com,female,FALSE,2,FALSE,13,60,75,70,96,63,82,80
513,Emily,Jordan,emily.jordan.513@gslingacademy.com,female,FALSE,3,FALSE,49,85,96,99,94,95,92,95
514,John,Owen,john.owen.514@gslingacademy.com,male,FALSE,6,FALSE,34,82,85,72,69,63,99,68
515,Andrew,Best,andrew.best.515@gslingacademy.com,male,TRUE,4,FALSE,28,83,79,92,69,85,71,95
516,Holly,Burns,holly.burns.516@gslingacademy.com,female,FALSE,2,FALSE,44,96,88,100,95,85,94,93
517,Alicia,Rodriguez,alicia.rodriguez.517@gslingacademy.com,female,FALSE,1,FALSE,14,85,87,78,72,91,88,93
518,Erin,Ray,erin.ray.518@gslingacademy.com,female,FALSE,4,FALSE,1,95,61,84,98,63,66,80
519,Todd,Griffith,todd.griffith.519@gslingacademy.com,male,FALSE,6,FALSE,22,97,92,87,61,75,62,94
520,Melinda,Payne,melinda.payne.520@gslingacademy.com,female,FALSE,2,FALSE,11,95,69,91,97,89,84,66
521,Cynthia,Williams,cynthia.williams.521@gslingacademy.com,female,FALSE,3,FALSE,2,69,98,77,63,88,64,60
522,Jenny,Washington,jenny.washington.522@gslingacademy.com,female,FALSE,9,FALSE,3,84,55,65,62,56,91,81
523,Angela,Joyce,angela.joyce.523@gslingacademy.com,female,FALSE,5,FALSE,28,92,100,100,98,83,75,72
524,William,Alvarado,william.alvarado.524@gslingacademy.com,male,TRUE,2,FALSE,0,87,95,78,82,53,59,66
525,Michael,Mercer,michael.mercer.525@gslingacademy.com,male,FALSE,5,FALSE,22,97,87,90,70,96,75,93
526,Erin,Miller,erin.miller.526@gslingacademy.com,female,TRUE,8,FALSE,3,92,96,77,95,63,57,90
527,Robert,Heath,robert.heath.527@gslingacademy.com,male,FALSE,2,FALSE,25,72,91,68,79,98,71,89
528,Deborah,Rojas,deborah.rojas.528@gslingacademy.com,female,FALSE,3,TRUE,1,50,55,96,72,55,50,64
529,Diana,Jones,diana.jones.529@gslingacademy.com,female,FALSE,7,FALSE,37,97,96,93,94,91,96,87
530,Meredith,Clark,meredith.clark.530@gslingacademy.com,female,FALSE,3,TRUE,28,89,77,69,72,63,84,99
531,Christina,Garrett,christina.garrett.531@gslingacademy.com,female,FALSE,3,FALSE,30,77,76,90,95,94,99,94
532,Daniel,Jackson,daniel.jackson.532@gslingacademy.com,male,FALSE,1,FALSE,19,91,89,66,69,100,88,79
533,Bradley,Robinson,bradley.robinson.533@gslingacademy.com,male,TRUE,7,FALSE,2,64,92,70,81,85,55,76
534,Phyllis,Schneider,phyllis.schneider.534@gslingacademy.com,female,TRUE,4,FALSE,26,71,87,63,73,89,77,66
535,Thomas,Clark,thomas.clark.535@gslingacademy.com,male,FALSE,10,TRUE,0,56,79,74,66,92,57,61
536,Gregory,Gonzalez,gregory.gonzalez.536@gslingacademy.com,male,FALSE,4,FALSE,5,87,70,98,64,65,78,83
537,Michelle,Roth,michelle.roth.537@gslingacademy.com,female,FALSE,0,FALSE,17,99,69,85,91,77,88,75
538,Christopher,Murphy,christopher.murphy.538@gslingacademy.com,male,FALSE,2,FALSE,26,98,88,76,72,92,81,89
539,Mark,Davis,mark.davis.539@gslingacademy.com,male,FALSE,2,FALSE,32,87,83,74,61,81,72,98
540,Lauren,Harrington,lauren.harrington.540@gslingacademy.com,female,FALSE,6,TRUE,16,88,96,90,92,68,97,73
541,Michelle,Owens,michelle.owens.541@gslingacademy.com,female,TRUE,8,FALSE,2,71,52,53,64,89,76,70
542,Scott,Weaver,scott.weaver.542@gslingacademy.com,male,FALSE,2,FALSE,35,96,90,91,95,99,95,99
543,Monica,Williams,monica.williams.543@gslingacademy.com,female,FALSE,0,FALSE,17,81,95,99,65,56,79,98
544,Kathryn,Hampton,kathryn.hampton.544@gslingacademy.com,female,FALSE,9,FALSE,3,94,92,63,84,79,66,96
545,Christina,Shields,christina.shields.545@gslingacademy.com,female,TRUE,3,FALSE,47,94,87,98,90,92,88,100
546,Andrew,Thomas,andrew.thomas.546@gslingacademy.com,male,FALSE,0,FALSE,29,98,87,75,63,85,88,75
547,Holly,Sexton,holly.sexton.547@gslingacademy.com,female,FALSE,10,FALSE,5,100,58,54,97,58,51,80
548,Christopher,Peterson,christopher.peterson.548@gslingacademy.com,male,FALSE,3,TRUE,12,66,89,65,99,84,84,86
549,Eric,Murray,eric.murray.549@gslingacademy.com,male,FALSE,2,FALSE,35,94,99,97,94,85,97,97
550,Kristina,Watson,kristina.watson.550@gslingacademy.com,female,TRUE,0,FALSE,3,83,90,93,89,64,63,82
551,Greg,Martin,greg.martin.551@gslingacademy.com,male,TRUE,8,FALSE,2,92,54,50,88,90,91,95
552,Paul,Shaffer,paul.shaffer.552@gslingacademy.com,male,FALSE,10,FALSE,35,93,100,90,94,97,98,98
553,Alexander,Daniel,alexander.daniel.553@gslingacademy.com,male,TRUE,1,FALSE,7,69,92,84,98,98,83,87
554,Carla,Davis,carla.davis.554@gslingacademy.com,female,FALSE,4,FALSE,15,94,71,63,73,66,90,91
555,Chelsea,Clark,chelsea.clark.555@gslingacademy.com,female,FALSE,1,FALSE,3,100,92,95,90,67,81,66
556,Justin,Douglas,justin.douglas.556@gslingacademy.com,male,FALSE,2,FALSE,35,96,92,98,100,94,93,86
557,Charles,Reid,charles.reid.557@gslingacademy.com,male,FALSE,3,TRUE,28,76,87,99,69,89,93,85
558,Courtney,Moreno,courtney.moreno.558@gslingacademy.com,female,FALSE,9,FALSE,4,77,62,94,65,77,77,95
559,Justin,Mitchell,justin.mitchell.559@gslingacademy.com,male,FALSE,1,TRUE,4,84,67,79,60,69,80,98
560,Bruce,Woods,bruce.woods.560@gslingacademy.com,male,FALSE,3,TRUE,16,95,61,68,75,64,76,66
561,Christopher,Hines,christopher.hines.561@gslingacademy.com,male,FALSE,1,FALSE,26,90,64,94,84,66,61,72
562,Theodore,Williams,theodore.williams.562@gslingacademy.com,male,FALSE,3,FALSE,30,96,89,73,75,99,89,71
563,Jennifer,Valdez,jennifer.valdez.563@gslingacademy.com,female,TRUE,6,FALSE,2,80,81,92,73,71,71,84
564,Alexandra,Day,alexandra.day.564@gslingacademy.com,female,FALSE,2,FALSE,34,87,83,75,73,92,91,71
565,John,Pacheco,john.pacheco.565@gslingacademy.com,male,FALSE,10,FALSE,0,94,75,91,64,67,93,65
566,Sherry,Brown,sherry.brown.566@gslingacademy.com,female,FALSE,10,TRUE,3,87,82,88,100,73,96,75
567,Douglas,Clark,douglas.clark.567@gslingacademy.com,male,FALSE,2,FALSE,30,95,97,88,77,96,96,74
568,Alex,Farmer,alex.farmer.568@gslingacademy.com,male,TRUE,3,TRUE,15,85,96,82,64,82,94,81
569,Brandon,Gonzales,brandon.gonzales.569@gslingacademy.com,male,FALSE,8,TRUE,1,67,65,77,72,94,88,77
570,Wayne,Trevino,wayne.trevino.570@gslingacademy.com,male,FALSE,3,TRUE,6,84,100,92,82,85,70,69
571,Pamela,Horne,pamela.horne.571@gslingacademy.com,female,FALSE,7,TRUE,1,83,88,90,100,71,98,96
572,Michael,Schaefer,michael.schaefer.572@gslingacademy.com,male,TRUE,9,TRUE,5,67,78,68,51,77,72,78
573,Carlos,Ramirez,carlos.ramirez.573@gslingacademy.com,male,FALSE,1,FALSE,30,75,92,72,88,92,77,84
574,Antonio,Lucero,antonio.lucero.574@gslingacademy.com,male,FALSE,3,TRUE,8,67,76,70,73,81,85,80
575,Terry,Ashley,terry.ashley.575@gslingacademy.com,male,TRUE,9,FALSE,5,67,54,51,72,75,60,88
576,Rita,Cochran,rita.cochran.576@gslingacademy.com,female,FALSE,1,FALSE,5,72,91,78,97,86,93,77
577,Joseph,Gregory,joseph.gregory.577@gslingacademy.com,male,FALSE,4,FALSE,4,78,98,76,68,86,91,82
578,Alexandra,Robinson,alexandra.robinson.578@gslingacademy.com,female,FALSE,1,FALSE,47,85,87,92,96,92,90,88
579,Tina,Sparks,tina.sparks.579@gslingacademy.com,female,FALSE,3,TRUE,16,100,70,69,61,100,65,81
580,Christopher,Buchanan,christopher.buchanan.580@gslingacademy.com,male,TRUE,5,FALSE,3,56,59,89,68,79,83,68
581,Christina,Guerrero,christina.guerrero.581@gslingacademy.com,female,FALSE,5,TRUE,32,93,75,83,99,100,91,74
582,Jessica,Hutchinson,jessica.hutchinson.582@gslingacademy.com,female,FALSE,2,FALSE,31,89,91,85,69,76,92,94
583,Tyler,Carrillo,tyler.carrillo.583@gslingacademy.com,male,FALSE,3,FALSE,6,59,88,74,92,72,97,64
584,Lindsay,Brady,lindsay.brady.584@gslingacademy.com,female,FALSE,3,FALSE,16,99,70,74,65,99,74,62
585,Gary,Rivera,gary.rivera.585@gslingacademy.com,male,FALSE,6,FALSE,34,89,89,85,74,78,87,82
586,Luke,Moore,luke.moore.586@gslingacademy.com,male,FALSE,3,FALSE,26,86,63,78,78,80,67,97
587,Tanya,Green,tanya.green.587@gslingacademy.com,female,FALSE,6,FALSE,21,79,65,91,65,61,88,95
588,Bryan,Lee,bryan.lee.588@gslingacademy.com,male,FALSE,3,FALSE,46,96,89,91,90,90,91,99
589,Melanie,Bridges,melanie.bridges.589@gslingacademy.com,female,FALSE,6,FALSE,48,95,90,85,90,96,89,96
590,Eric,Bowers,eric.bowers.590@gslingacademy.com,male,TRUE,1,FALSE,46,96,85,90,95,100,96,88
591,Meredith,Reed,meredith.reed.591@gslingacademy.com,female,TRUE,3,FALSE,28,95,80,64,97,85,94,60
592,David,Brown,david.brown.592@gslingacademy.com,male,TRUE,4,FALSE,2,80,62,84,95,71,85,87
593,William,Johns,william.johns.593@gslingacademy.com,male,TRUE,0,FALSE,32,86,70,73,85,67,91,98
594,Eric,Patton,eric.patton.594@gslingacademy.com,male,TRUE,10,FALSE,5,42,95,99,61,62,77,99
595,Wendy,Warner,wendy.warner.595@gslingacademy.com,female,FALSE,4,FALSE,31,80,93,93,94,81,81,78
596,Timothy,Powell,timothy.powell.596@gslingacademy.com,male,FALSE,4,TRUE,1,79,97,100,94,65,62,76
597,Victoria,Thompson,victoria.thompson.597@gslingacademy.com,female,TRUE,9,TRUE,4,43,63,91,67,74,71,88
598,Jeremy,Brown,jeremy.brown.598@gslingacademy.com,male,FALSE,2,TRUE,8,58,84,95,66,99,91,70
599,Barbara,Schneider,barbara.schneider.599@gslingacademy.com,female,FALSE,3,TRUE,23,86,73,83,93,46,91,70
